LJ SAO PAULO 11,01127000,RUA NEWTON PRADO 1439 SL 4,BOM RETIRO,SAO PAULO,SP
CO SAO PAULO 01,01137000,RUA CRUZEIRO 927,BARRA FUNDA,SAO PAULO,SP
LJ SAO PAULO 03,01154010,RUA LOPES CHAVES 459,BARRA FUNDA,SAO PAULO,SP
LJ SAO PAULO 35,01201060,RUA ANA CINTRA 65,CAMPOS ELISEOS,SAO PAULO,SP
CO SAO PAULO 14,01526000,RUA BUENO DE ANDRADE 336,ACLIMACAO,SAO PAULO,SP
LJ SAO PAULO 09,02019050,RUA CONEGO MANUEL VAZ 74,SANTANA,SAO PAULO,SP
LJ SAO PAULO 05,02122030,RUA TIMBURI 143,VILA MARIA ALTA,SAO PAULO,SP
CO SAO PAULO 17,02519200,AV CASA VERDE 2138/2142,CASA VERDE,SAO PAULO,SP
CO SAO PAULO 02,02721031,RUA ROQUE DE MORAIS 77,LIMAO,SAO PAULO,SP
LJ SAO PAULO 01,02728000,RUA MANOEL JUSTINIANO QUINTAO 40,VILA PALMEIRAS,SAO PAULO,SP
LJ SAO PAULO 19,02915100,AVENIDA PAULA FERREIRA 1909,VILA PIRITUBA,SAO PAULO,SP
LJ SAO PAULO 10,03010000,RUA BARAO DE LADARIO 670 LJ SUC S02,BRAS,SAO PAULO,SP
LJ SAO PAULO 18,03043040,RUA PRUDENTE DE MORAIS 101,BRAS,SAO PAULO,SP
CO SAO PAULO 03,03057010,RUA BELEM 333,BELENZINHO,SAO PAULO,SP
LJ SAO PAULO 15,03111001,RUA JOAO ANTONIO DE OLIVEIRA 1439 SALA 4,MOOCA,SAO PAULO,SP
CO SAO PAULO 04,03412030,RUA CACAQUERA 603,VILA ANTONINA,SAO PAULO,SP
CO SAO PAULO 15,03514001,RUA JOAQUIM MARRA 935,VILA TALARICO,SAO PAULO,SP
CO SAO PAULO 16,03811020,RUA RUI PIROZZELLI 131,JARDIM BELEM,SAO PAULO,SP
LJ SAO PAULO 23,04058050,RUA ELISA RODRIGUES 234 A,PLANALTO PAULISTA,SAO PAULO,SP
CO SAO PAULO 05,04140110,RUA JUREIA 37 / 41,CHACARA INGLESA( VILA MARIANA),SAO PAULO,SP
LJ SAO PAULO 06,04363001,AVENIDA MASCOTE 856,VILA MASCOTE,SAO PAULO,SP
LJ SAO PAULO 26,04617015,RUA VIEIRA DE MORAIS 1751,CAMPO BELO,SAO PAULO,SP
LJ SAO PAULO 16,04691110,RUA DOS MARIANOS 283,VILA GEA,SAO PAULO,SP
LJ SAO PAULO 17,04747030,RUA BORBA GATO 200,SANTO AMARO,SAO PAULO,SP
CO SAO PAULO 10,04761020,RUA OLINDA 257,VILA SOCORRO,SAO PAULO,SP
LJ SAO PAULO 02,04781040,RUA JOAO PEDRO 280,CAPELA DO SOCORRO,SAO PAULO,SP
LJ SAO PAULO 24,05005000,RUA TURIASSU 1350,PERDIZES,SAO PAULO,SP
LJ SAO PAULO 29,05093050,RUA MARTINHO DE CAMPOS 217,VILA ANASTACIO,SAO PAULO,SP
SAO CONFINADOS CPA,05157030,AVENIDA JORNALISTA PAULO ZINGG 810,JARDIM JARAGUA (SAO DOMINGOS),SAO PAULO,SP
ARM FIAT,05157030,AVENIDA JORNALISTA PAULO ZINGG 810,JARDIM JARAGUA SAO DOMINGOS,SAO PAULO,SP
JADLOG SEDE,05157030,AVENIDA JORNALISTA PAULO ZINGG 810,JARDIM JARAGUA (SAO DOMINGOS),SAO PAULO,SP
LJ SAO PAULO 22,05404012,RUA ARTUR DE AZEVEDO 960,PINHEIROS,SAO PAULO,SP
CO SAO PAULO 07,05519040,RUA KEISUKE KOZA 143,JARDIM TRUSSARDI,SAO PAULO,SP
LJ SAO PAULO 36,05530000,RUA ANTONIO MARIANI 61,INSTITUTO DE PREVIDENCIA,SAO PAULO,SP
CO OSASCO 02,06114100,RUA ALBERTO CORTEZ 96,PESTANA,OSASCO,SP
LJ OSASCO 01,06213080,RUA ARNALDO DE OLIVEIRA BARRETO 489,PRESIDENTE ALTINO,OSASCO,SP
CO CARAPICUIBA 01,06382280,RUA SANTA DOLORES 405,VILA SILVIANIA,CARAPICUIBA,SP
LJ BARUERI 04,06411050,RUA INDEPENDENCIA 45,VILA BOA VISTA,BARUERI,SP
LJ BARUERI 03,06453053,CALCADA DOS CRAVOS 07,CONDOMINIO CENTRO COMERCIAL ALPHAVILLE,BARUERI,SP
LJ BARUERI 02,06460020,AVENIDA TUCUNARE 975,TAMBORE,BARUERI,SP
LJ SANTANA DE PARNAIBA 01,06534030,ESTRADA TENENTE MARQUES 5751 LJ09,PARQUE PANORAMA II FAZENDINHA,SANTANA DE PARNAIBA,SP
LJ ITAPEVI 01,06693120,RUA AGOSTINHO FERREIRA CAMPOS 446,CIDADE DA SAUDE,ITAPEVI,SP
CO COTIA 01,06710700,ESTRADA VELHA DE SAO PAULO PARANA 170,JARDIM LAMBRETA,COTIA,SP
LJ TABOAO DA SERRA 01,06754010,R THEREZA MARIA LUIZETTO 59,VILA SANTA LUZIA,TABOAO DA SERRA,SP
LJ EMBU DAS ARTES 01,06843460,ESTRADA DOS ORQUIDOFILOS 307,CHACARAS LIDIA,EMBU DAS ARTES,SP
CO ITAPECERICA DA SERRA 01,06850100,AVENIDA QUINZE DE NOVEMBRO 1668,CENTRO,ITAPECERICA DA SERRA,SP
LJ GUARULHOS 02,07040000,RUA CONEGO VALADAO 461,GOPOUVA,GUARULHOS,SP
LJ GUARULHOS 03,07051020,RUA JACOB 469 - SL01,JARDIM TRANQUILIDADE,GUARULHOS,SP
CO GUARULHOS 02,07194000,RUA IBIRAJUBA 229,JARDIM MONTE CARMELO,GUARULHOS,SP
CO CAIEIRAS 01,07700001,RUA DOS ESTUDANTES 185 LOJA 06,CENTRO,CAIEIRAS,SP
LJ SAO PAULO 13,08341410,AVENIDA RAGUEB CHOHFI 3469,PARQUE BOA ESPERANCA,SAO PAULO,SP
CO SUZANO 01,08674260,RUA PRESIDENTE GETULIO VARGAS 51,JARDIM SANTA HELENA,SUZANO,SP
CO ITAQUAQUECETUBA 02,08710580,AVENIDA GOVERNADOR ADHEMAR DE BARROS 1133,CENTRO,MOGI DAS CRUZES,SP
CO MOGI DAS CRUZES 01,08773310,AVENIDA JOSE MOREIRA FILHO 67,VILA MOGILAR,MOGI DAS CRUZES,SP
JE GUARAREMA 01,08900000,RUA MARCONDES FLORES 639,CENTRO,GUARAREMA,SP
CO SANTO ANDRE 01,09372010,RUA AULIVIERI BOZZATO 760,LOTEAMENTO INDUSTRIAL CORAL,MAUA,SP
CO SAO CAETANO DO SUL 02,09530120,RUA JOAQUIM NABUCO 126,SANTO ANTONIO,SAO CAETANO DO SUL,SP
CO DIADEMA 01,09991430,RUA CASTRO ALVES 197,CENTRO,DIADEMA,SP
CO SANTOS 01,11015231,RUA SANTOS DUMONT 97,ESTUARIO,SANTOS,SP
CO GUARUJA 01,11470210,RUA MANOEL DE GOES 825,JARDIM BOA ESPERANCA VICENTE DE CARVALHO,GUARUJA,SP
CO CARAGUATATUBA 01,11671230,RUA SAO MIGUEL 1012,MORRO DO ALGODAO,CARAGUATATUBA,SP
JE PRAIA GRANDE 01,11701330,"AVENIDA PRESIDENTE KENNEDY 907, LOJA 02",BOQUEIRAO,PRAIA GRANDE,SP
CO MONGAGUA 01,11730000,AVENIDA MARINA 616,CENTRO,MONGAGUA,SP
JE PERUIBE 01,11750000,"AVENIDA PADRE ANCHIETA 1450, LOJA 2",CENTRO,PERUIBE,SP
CO REGISTRO 01,11900000,RUA SINFRONIO COSTA 811,CENTRO,REGISTRO,SP
CO TAUBATE 01,12050000,RUA EDMUNDO MOREWOOD 195,VILA EDMUNDO,TAUBATE,SP
CO SAO JOSE DOS CAMPOS 02,12235210,RUA SERRA DO PARIMA 123,JARDIM ANHEMBI,SAO JOSE DOS CAMPOS,SP
CO SAO JOSE DOS CAMPOS 01,12237833,RUA BRASILIA RAGAZZINI SAES 308,PALMEIRAS DE SAO JOSE,SAO JOSE DOS CAMPOS,SP
CO JACAREI 02,12328080,AVENIDA MALEK ASSAD 509,JARDIM SANTA MARIA,JACAREI,SP
CO JACAREI,12328080,AVENIDA MALEK ASSAD 509,JARDIM SANTA MARIA,JACAREI,SP
CO GUARATINGUETA 01,12570000,TRAV PROFESSOR MARQUES GUIMARAES 30 ESQUINA C/ AV. PADROEIRA DO BRASIL ,AROEIRA,APARECIDA,SP
CO BRAGANCA PAULISTA 01,12908592,Av CORONEL DANIEL PELUSO 650 ,JARDIM SAO LOURENCO,BRAGANCA PAULISTA,SP
CO ATIBAIA 01,12944040,RUA DA MADEIRA 543,RECREIO ESTORIL,ATIBAIA,SP
CO PIRACAIA 02,12970000,RUA SEBASTIAO DE ALMEIRA BARROS 130,CENTRO,PIRACAIA,SP
JE JOANOPOLIS 01,12980000,PRAÇA PADRE DOMINGOS SEGURADO 208,CENTRO,JOANOPOLIS,SP
LJ CAMPINAS 02,13036180,RUA PEDRO DOMINGOS VITALI 410,PARQUE ITALIA,CAMPINAS,SP
CO CAMPINAS 01,13052426,RUA NAIR DA SILVA MONTEIRO 48 / 187,LOTEAMENTO E ARRUAMENTO TELESP,CAMPINAS,SP
LJ CAMPINAS 01,13091516,RUA JOAO QUIRINO DO NASCIMENTO 289,JARDIM BOA ESPERANCA,CAMPINAS,SP
CO PAULINIA 01,13140868,RUA JOANA ANTONIOLLI SCARASSATTI 144,PARQUE DA FIGUEIRA,PAULINIA,SP
CO SUMARE 02,13171120,RUA JOAQUIM FERREIRA GOMES 241,JARDIM MARCHISSOLO,SUMARE,SP
LJ SUMARE 01,13174295,RUA BERNARDO GUIMARAES 140,PARQUE RESIDENCIAL VIRGINIO BASSO,SUMARE,SP
CO HORTOLANDIA 01,13186120,R MARIA JOSE DA CONCEICAO 251,JARDIM CAMPOS VERDES,HORTOLANDIA,SP
CO JUNDIAI 02,13208360,AVENIDA DOUTOR PAULO MOUTRAM 647,JARDIM PAULISTA I,JUNDIAI,SP
HANGAR JAD,13212010,AV EMILIO ANTONON 901 D,CHACARA AEROPORTO,JUNDIAI,SP
CO ITATIBA 01,13251192,RUA ANGELA FATORI DELFORNO 260,JARDIM DELFORNO,ITATIBA,SP
CO VALINHOS 02,13277116,RUA JULIO SPIANDORELLI 188,SANTA MARINA,VALINHOS,SP
CO VINHEDO 01,13289086,RUA DA FORMIGA 30,SANTA ROSA,VINHEDO,SP
CO ITUPEVA 01,13295100,Rua HILDEBRANDO FERRAZ 41,,ITUPEVA,SP
CO ITU 01,13304550,AVENIDA SENADOR TEOTONIO VILELA 470,JARDIM AEROPORTO I,ITU,SP
CO INDAIATUBA 02,13344311,RUA DOMACYR STOCCO JUNIOR 172,JARDIM CALIFORNIA,INDAIATUBA,SP
CO PIRACICABA 01,13412221,AVENIDA BRASILIA 1500,VILA INDUSTRIAL,PIRACICABA,SP
CO SANTA BARBARA DO OESTE 01,13450033,RUA JOAO LINO 225,CENTRO,SANTA BARBARA DOESTE,SP
CO AMERICANA 02,13467600,AVENIDA DE CILLO 4021,PARQUE NOVO MUNDO,AMERICANA,SP
CO LIMEIRA 01,13485208,RUA JOSE MALAMAN 77,JARDIM RESIDENCIAL GRANJA MACHADO,LIMEIRA,SP
CO RIO CLARO 02,13503390,AVENIDA 11 1935,CONSOLACAO,RIO CLARO,SP
LJ SAO CARLOS 01,13569010,RUA MAJOR JOSE INACIO 4055,VILA FARIA,SAO CARLOS,SP
CO SAO CARLOS 02,13571271,AVENIDA GETULIO VARGAS 2875,RECREIO SAO JUDAS TADEU,SAO CARLOS,SP
CO LEME 02,13614100,AVENIDA BERTA BUHRHEIN 393,VILA JOEST,LEME,SP
CO PIRASSUNUNGA 01,13630145,RUA 15 DE NOVEMBRO 2560,CENTRO,PIRASSUNUNGA,SP
CO PORTO FERREIRA 01,13660092,AVENIDA JOAO MARTINS DA SILVEIRA SOBRINHO 553,JARDIM PRIMAVERA,PORTO FERREIRA,SP
CO SAO JOSE DO RIO PARDO 01,13720000,Rua FRANCISCO GLICERIO 1444,VILA BRASIL,SAO JOSE DO RIO PARDO,SP
CO MOCOCA 01,13730250,RUA VISCONDE DO RIO BRANCO 362,APARECIDA,MOCOCA,SP
CO MOGI MIRIM 01,13801500,RUA MANAUS 740,JARDIM GETULIO VARGAS,MOGI MIRIM,SP
CO HOLAMBRA 01,13825000,"Rod. PREF. AZIZ LIAN (SP 107) KM 30,5 SP-107 ",BORDA DA MATA,HOLAMBRA,SP
CO SAO JOAO DA BOA VISTA 01,13871503,RUA VICENTE FARIAS 140B,JARDIM DO TREVO,SAO JOAO DA BOA VISTA,SP
CO VARGEM GRANDE DO SUL 01,13880000,RUA DR. TEOFILO RIBEIRO DE ANDRADE 160,,VARGEM GRANDE DO SUL,SP
CO AMPARO 02,13901310,RUA ANA CINTRA 317,JARDIM PRIMAVERA,AMPARO,SP
CO JAGUARIUNA 01,13911152,RUA PARA 156,JARDIM FONTANELLA,JAGUARIUNA,SP
CO AGUAS DE LINDOIA 01,13940000,Rua MONTE SIAO 413,BELA VISTA,AGUAS DE LINDOIA,SP
CO ESPIRITO SANTO DO PINHAL 01,13990000,RUA BARAO DE MOTA PAES 111,CENTRO,ESPIRITO SANTO DO PINHAL,SP
LJ RIBEIRAO PRETO 02,14075600,AVENIDA MARECHAL COSTA E SILVA 3325,VILA BRASIL,RIBEIRAO PRETO,SP
CO RIBEIRAO PRETO 01,14091160,AVENIDA DOUTOR PLINIO DE CASTRO PRADO 173,JARDIM PALMA TRAVASSOS,RIBEIRAO PRETO,SP
CO SERTAOZINHO 01,14170690,RUA FIORAVANTE SICCHIERI 641,JARDIM SAO JOSE,SERTAOZINHO,SP
LJ FRANCA 01,14405103,RUA VOLUNTARIOS DA FRANCA 607,ESTACAO,FRANCA,SP
CO FRANCA 01,14409144,RUA AUSTIN RIBEIRO VILELA 719,JARDIM DOUTOR ANTONIO PETRAGLIA,FRANCA,SP
CO SAO JOAQUIM DA BARRA 01,14600001,RUA ORESTE QUERCIA 2128,CENTRO,SAO JOAQUIM DA BARRA,SP
CO BEBEDOURO 01,14700735,AVENIDA DIMER PIOVEZAN 669,JARDIM TALARICO,BEBEDOURO,SP
CO BARRETOS 01,14781327,AV. TRINTA E NOVE 01563,PIMENTA,BARRETOS,SP
CO ARARAQUARA 01,14807150,AVENIDA PADRE JOSE DE ANCHIETA 1531,HIGIENOPOLIS,ARARAQUARA,SP
CO JABOTICABAL 01,14890026,AVENIDA CAPITAO ALBERTO MENDES JUNIOR 477,NOVA JABOTICABAL,JABOTICABAL,SP
CO IBITINGA 02,14940000,RUA CAPITAO SIMOES 181,CENTRO,IBITINGA,SP
CO SAO JOSE DO RIO PRETO 02,15025500,RUA FRITZ JACOBS 1426,BOA VISTA,SAO JOSE DO RIO PRETO,SP
CO MIRASSOL 01,15134020,AVENIDA NILO PANDOLPHI 4150,INDUSTRIAL ALTO MIRASSOL,MIRASSOL,SP
JE BURITAMA 01,15290000,RUA FLORIANO PEIXOTO 916,,BURITAMA,SP
CO VOTUPORANGA 01,15503005,AVENIDA NASSER MARAO 1781,PARQUE INDUSTRIAL I,VOTUPORANGA,SP
CO CATANDUVA 01,15801340,RUA RIBEIRAO PRETO 647,VILA RODRIGUES,CATANDUVA,SP
CO MONTE ALTO 01,15910000,Rua DOUTOR RAUL DA ROCHA MEDEIROS 816,CENTRO,MONTE ALTO,SP
CO MATAO 02,15990010,RUA PRUDENTE DE MORAES 516,CENTRO,MATAO,SP
CO ARACATUBA 01,16025060,RUA CRISTIANO OLSEN 2548,SAO JOAO,ARACATUBA,SP
CO BIRIGUI 01,16204397,RUA ANTONIO SABADIN 139,PARQUE RESIDENCIAL LALUCE II,BIRIGUI,SP
CO LINS 01,16400100,RUA FLORIANO PEIXOTO 30,CENTRO,LINS,SP
CO BAURU 01 ,17012000,"AVENIDA DUQUE DE CAXIAS, 9-07 SANTA TEREZA",VILA SANTA TEREZA,BAURU,SP
CO JAU 02,17208263,AVENIDA NETINHO PRADO 760,JARDIM VILA MARIA,JAU,SP
CO MARILIA 01,17502170,RUA DOUTOR CESAR MARTINS PIRAJA 16,SENADOR SALGADO FILHO,MARILIA,SP
CO TUPA 01,17600360,AVENIDA TABAJARAS 1140,CENTRO,TUPA,SP
JE ADAMANTINA 01,17800000,ALAMEDA SANTA CRUZ 1087,CENTRO,ADAMANTINA,SP
JE PACAEMBU 01,17860000,AVENIDA SAO JOAO 1120,GUARANIUVA,PACAEMBU,SP
JE JUNQUEIROPOLIS 01,17890000,RUA CONSTANTINO MARCOLINO DE SOUSA 595,SANTA RUTH,JUNQUEIROPOLIS,SP
JE DRACENA 01,17900000,AVENIDA EXPEDICIONÁRIOS 1057,CENTRO,DRACENA,SP
CO SOROCABA 01,18085350,RUA APIAI 101,JARDIM LEOCADIA,SOROCABA,SP
CO VOTORANTIM 01,18112625,RUA JAZIEL DE AZEREDO RIBEIRO 468,JARDIM ANA CLAUDIA,VOTORANTIM,SP
CO SAO ROQUE 01,18131000,AVENIDA SAO ROQUE 45,ESTACAO,SAO ROQUE,SP
JE ARACOIABA DA SERRA 01,18190000,RUA JOAO ARANHA 678,JARDIM PLANALTO,ARACOIABA DA SERRA,SP
JE CAPELA DO ALTO 01,18195000,RUA CEL GUILHERME FRANCISCO WINCLER 374,CENTRO,CAPELA DO ALTO,SP
CO ITAPETININGA 01,18202220,AVENIDA JOAQUIM FOGACA DE ALMEIDA NETO 1153,JARDIM FOGACA,ITAPETININGA,SP
JE ANGATUBA 01,18240000,"RUA FRANCISCO TURELLI 703, C-1",CENTRO,ANGATUBA,SP
JE CAPAO BONITO 01,18300250,RUA FLORIANO PEIXOTO 670,CENTRO,CAPAO BONITO,SP
CO ITAPEVA 02,18406020,RUA EVERALDO MILTON CHIAVANI 95,CENTRAL PARK,ITAPEVA,SP
CO TIETE 01,18530000,RUA BOM JESUS 820,BACCILLI,TIETE,SP
CO BOITUVA 01,18550000,RUA MANOEL RODRIGUES GALVAO 411,JARDIM SANTA CRUZ,BOITUVA,SP
CO BOTUCATU 02,18609081,RUA DOUTOR JAGUARIBE 187,VILA DOS LAVRADORES,BOTUCATU,SP
CO LENCOIS PAULISTA 01,18685099,AVENIDA PREFEITO JACOMO NICOLAU PACCOLA 291,PARQUE RESIDENCIAL RONDON,LENCOIS PAULISTA,SP
CO AVARE 01,18706240,AVENIDA GILBERTO FILGUEIRAS 1646-1,COLINA DA BOA VISTA,AVARE,SP
CO PRESIDENTE PRUDENTE 01,19053575,AVENIDA CORONEL JOSE SOARES MARCONDES 4738,PARQUE HIGIENOPOLIS,PRESIDENTE PRUDENTE,SP
JE ALVARES MACHADO 01,19160000,AVENIDA DAS AMERICAS 505,,ALVARES MACHADO,SP
JE PRESIDENTE VENCESLAU 01,19400000,AVENIDA JORGE TIBIRICA 860,CENTRO,PRESIDENTE VENCESLAU,SP
JE PRESIDENTE EPITACIO 01,19470000,AVENIDA PRESIDENTE GETULIO VARGAS 2154,CENTRO,PRESIDENTE EPITACIO,SP
JE INDIANA 01,19560000,"AV. CASTRO ALVES 235, 3",,INDIANA,SP
JE REGENTE FEIJO 01,19570000,"AV. BARAO DO RIO BRANCO 21, SALA 3",CENTRO,REGENTE FEIJO,SP
CO ASSIS 02,19801140,RUA JOSE VIEIRA DA CUNHA E SILVA 1455,VILA SAO JORGE,ASSIS,SP
CO OURINHOS 01,19911640,RUA MATO GROSSO 485,VILA RECREIO,OURINHOS,SP
CO RIO DE JANEIRO 01,20220280,RUA PEDRO ALVES 54,SANTO CRISTO,RIO DE JANEIRO,RJ
CO RIO DE JANEIRO 12,20930450,RUA DO BONFIM 309,SAO CRISTOVAO,RIO DE JANEIRO,RJ
CO RIO DE JANEIRO 09,21020010,RUA BELISARIO PENA 29,PENHA,RIO DE JANEIRO,RJ
FL RIO DE JANEIRO,21021020,RUA COMANDANTE VERGUEIRO DA CRUZ 206,OLARIA,RIO DE JANEIRO,RJ
LJ RIO DE JANEIRO 01,21031175,RUA LUIS CAMARA 440,RAMOS,RIO DE JANEIRO,RJ
CO RIO DE JANEIRO 02,21031250,RUA FELISBELO FREIRE 622,RAMOS,RIO DE JANEIRO,RJ
CO RIO DE JANEIRO 03,21040300,RUA VINTE E QUATRO DE FEVEREIRO 69,BONSUCESSO,RIO DE JANEIRO,RJ
CO RIO DE JANEIRO 07,21051130,TRAVESSA EDUARDO 45 LT1,DEL CASTILHO,RIO DE JANEIRO,RJ
LJ RIO DE JANEIRO 05,21330790,ESTRADA INTENDENTE MAGALHAES 491,OSWALDO CRUZ,RIO DE JANEIRO,RJ
LJ RIO DE JANEIRO 06,21931380,RUA COLINA 60 LJ 28,JARDIM GUANABARA,RIO DE JANEIRO,RJ
CO RIO DE JANEIRO 04,22765006,AVENIDA TENENTECORONEL MUNIZ DE ARAGAO 887,ANIL,RIO DE JANEIRO,RJ
LJ RIO DE JANEIRO 04,22765240,ESTRADA DO ENGENHO DAGUA 1330 - BOX 40,ANIL,RIO DE JANEIRO,RJ
LJ RIO DE JANEIRO 02,22780160,"AVENIDA SALVADOR ALLENDE 6700 , LJ 137/138",JACAREPAGUA,RIO DE JANEIRO,RJ
CO RIO DE JANEIRO 08,23575386,RUA PROJETADA G LOTE 11,SANTA CRUZ,RIO DE JANEIRO,RJ
CO ANGRA DOS REIS 02,23910000,RODOVIA PROCURADOR HAROLDO FERNANDES DUARTE S/N,SAPINHATUBA I,ANGRA DOS REIS,RJ
CO PARATY 01,23970000,RUA JOAO DO PRADO 77,CHACARA,PARATY,RJ
CO NITEROI 01,24030050,RUA MARQUES DE CAXIAS 242,CENTRO,NITEROI,RJ
CO SAO GONCALO 01,24466180,TRAVESSA FREDERICO MARQUES 3804,BOA VISTA,SAO GONCALO,RJ
CO ITABORAI 01,24809234,RODOVIA GOVERNADOR MARIO COVAS 234,TRES PONTES,ITABORAI,RJ
CO MARICA 02,24931000,RODOVIA ERNANI DO AMARAL PEIXOTO 20316 KM 20,SAO JOSE DO IMBASSAI,MARICA,RJ
CO DUQUE DE CAXIAS 01,25065165,"RUA EXPEDICIONARIO JOSE AMARO 20, GALP.B, GALP.C",VILA SAO SEBASTIAO,DUQUE DE CAXIAS,RJ
CO PETROPOLIS 01,25650028,"RUA GENERAL RONDON 1000, LJ 21 e 22",QUITANDINHA,PETROPOLIS,RJ
CO TRES RIOS 01,25870000,ESTRADA UNIAO INDUSTRIA 922 - Km 130,RETA,COMENDADOR LEVY GASPARIAN,RJ
CO GUAPIMIRIM 01,25940187,RUA COPERNICO 51,VILA OLIMPIA,GUAPIMIRIM,RJ
CO TERESOPOLIS 01,25976065,RUA ALEXANDRE FLEMING LOJA 452,VALE DO PARAISO,TERESOPOLIS,RJ
CO BELFORD ROXO 02,26120252,AVENIDA RETIRO DA IMPRENSA 794,HELIOPOLIS,BELFORD ROXO,RJ
CO QUEIMADOS 01,26383140,AVENIDA CAMARIM N 46,VILA DO TINGUA,QUEIMADOS,RJ
CO BARRA DO PIRAI 01,27120320,AVENIDA VEREADOR CHEQUER ELIAS 2305,VILA HELENA,BARRA DO PIRAI,RJ
CO VOLTA REDONDA 01,27274200,AVENIDA ALMIRANTE ADALBERTO DE BARROS NUNES 5070,RETIRO,VOLTA REDONDA,RJ
CO CAMPOS DOS GOYTACAZES 01,28093530,RUA UM 17,PARQUE AEROPORTO,CAMPOS DOS GOYTACAZES,RJ
CO SANTO ANTONIO DE PADUA 01,28470000,Rua CHICRALA ANTONIO 137 - Lj. 01,FERREIRA ,SANTO ANTONIO DE PADUA,RJ
CO NOVA FRIBURGO 01,28605250,RUA CORONEL LAUDEMIRO DAS MERCES FERREIRA 119,LOTEAMENTO SAO JOAO,NOVA FRIBURGO,RJ
LJ RIO DAS OSTRAS 01,28893052,RUA RAUL DE OLIVEIRA RODRIGUES 74 LJ 108,CENTRO,RIO DAS OSTRAS,RJ
CO CABO FRIO 01,28911050,RUA LOS ANGELES 33,JARDIM OLINDA,CABO FRIO,RJ
CO ARARUAMA 01,28970000,RODOVIA RJ 124,ITATIQUARA,ARARUAMA,RJ
CO VITORIA 01,29053310,RUA MARIA DE LOURDES GARCIA 425,MONTE BELO,VITORIA,ES
CO VILA VELHA 02,29104075,RUA ROSA DE PRATA S/N,NOVO MEXICO,VILA VELHA,ES
FL VITORIA,29135000,RODOVIA BR 262 S/N,RIBEIRA,VIANA,ES
LJ CARIACICA 01,29140050,RUA AMERICA 10,JARDIM AMERICA,CARIACICA,ES
CO VIANA 01,29146550,RUA EDGAR GONCALVES 703,CAMPO GRANDE,CARIACICA,ES
CO SERRA 01,29164030,RUA CASTELO 168,JARDIM LIMOEIRO,SERRA,ES
CO GUARAPARI 01,29212001,AVENIDA GOVERNADOR JONES DOS SANTOS NEVES 1087,FATIMA CIDADE JARDIM,GUARAPARI,ES
CO CACHOEIRO DE ITAPEMIRIM 02,29313669,RUA IRMA GIOVANNA MENECHINI 115,MARBRASA,CACHOEIRO DE ITAPEMIRIM,ES
CO COLATINA 02,29703100,AVENIDA SILVIO AVIDOS 2272,SAO SILVANO,COLATINA,ES
CO LINHARES 01,29906710,AVENIDA GOULART DE ANDRADE 21,PALMITAL,LINHARES,ES
LJ BELO HORIZONTE 04,30310000,AVENIDA NOSSA SENHORA DO CARMO 895,SION,BELO HORIZONTE,MG
LJ BELO HORIZONTE 02,30494085,AVENIDA BARAO HOMEM DE MELO 3121,ESTORIL,BELO HORIZONTE,MG
LJ BELO HORIZONTE 01,30770040,RUA FRANCISCO OVIDIO 83 A,PEDRO II,BELO HORIZONTE,MG
LJ BELO HORIZONTE 03,31110050,RUA JACUI 1350,FLORESTA,BELO HORIZONTE,MG
CO BELO HORIZONTE 03,31270760,RUA HENRIQUE CABRAL 145,SAO LUIZ,BELO HORIZONTE,MG
CO BELO HORIZONTE 02,31525000,RUA MINISTRO OLIVEIRA SALAZAR 950,SANTA MONICA,BELO HORIZONTE,MG
CO BELO HORIZONTE,31525000,RUA MINISTRO OLIVEIRA SALAZAR 940,SANTA MONICA,BELO HORIZONTE,MG
LJ BELO HORIZONTE 06,31560300,AVENIDA GUARAPARI 775 LJ 9,SANTA AMELIA,BELO HORIZONTE,MG
LJ BELO HORIZONTE 05,31814620,RUA WALDOMIRO LOBO 851 LJ A,GUARANI,BELO HORIZONTE,MG
CO CONTAGEM 01,32315040,AVENIDA JOSE FARIA DA ROCHA 3713,ELDORADO,CONTAGEM,MG
BHZ CONFINADOS ,32371685,AVENIDA HELENA DE VASCONCELOS COSTA 875,CINCAO,CONTAGEM,MG
CO BETIM 01,32671345,AVENIDA JUIZ MARCO TULIO ISAAC 4110,PARQUE DAS INDUSTRIAS,BETIM,MG
CO LAGOA SANTA 02,33239314,RUA TIMBIRAS 150 - LJ 01,SANTOS DUMONT,VESPASIANO,MG
CO PEDRO LEOPOLDO 01,33250036,RUA DOUTOR ROCHA 677 A,CENTRO,PEDRO LEOPOLDO,MG
CO NOVA LIMA 01,34007646,RUA ONTARIO 408,JARDIM CANADA,NOVA LIMA,MG
CO GOV VALADARES,35012000,RUA LEONARDO CRISTINO 3557,SAO GERALDO,GOVERNADOR VALADARES,MG
CO GOV VALADARES 01,35032630,RUA QUINTILIANO COSTA 401,LOURDES,GOVERNADOR VALADARES,MG
CO IPATINGA 02,35162019,RUA AMBAR 105,IGUACU,IPATINGA,MG
LJ CORONEL FABRICIANO 01,35170020,RUA JOSE VIVI 22,PROFESSORES,CORONEL FABRICIANO,MG
CO TIMOTEO 01,35180036,R CINCO DE MAIO 151 LOJA 2,CENTRO,TIMOTEO,MG
CO CARATINGA 01,35300573,AVENIDA PRESIDENTE TANCREDO NEVES 3575 LJ 02,ZACARIAS,CARATINGA,MG
CO OURO PRETO 02,35400000,RUA PEDRO ROLIM 891,CENTRO,OURO PRETO,MG
CO PONTE NOVA 01,35430032,RUA MARIO FONTOURA 24,CENTRO,PONTE NOVA,MG
CO DIVINOPOLIS 02,35500148,RUA ITAMARANDIBA 250,BOM PASTOR,DIVINOPOLIS,MG
CO NOVA SERRANA 01,35519000,RUA TUPIS 690,MARIA JOSE DO AMARAL,NOVA SERRANA,MG
CO FORMIGA 01,35570030,"AVENIDA DOUTOR HENRIQUE BRAGA 140, Lj. 103",CENTRO,FORMIGA,MG
JE ARCOS 01,35588000,AV GETULIO VARGAS 460,,ARCOS,MG
CO LAGOA DA PRATA 01,35590000,RUA ALEXANDRE BERNARDES LOBATO 490,SANTA HELENA,LAGOA DA PRATA,MG
CO PARA DE MINAS 01,35660752,RUA ELIZEU GOMES MOREIRA 154,VILA SINHO,PARA DE MINAS,MG
CO ITAUNA 01,35680258,RUA QUINZE DE NOVEMBRO 1463,PIEDADE,ITAUNA,MG
CO SETE LAGOAS 01,35701242,AVENIDA CASTELO BRANCO 2331 - A,SANTO ANTONIO,SETE LAGOAS,MG
CO CURVELO 01,35794262,RUA DOUTOR HERMAN YVES DUARTE 1387,RESIDENCIAL LOURDES,CURVELO,MG
CO ITABIRA 01,35900401,RUA ISRAEL PINHEIRO 606,MAJOR LAGE DE CIMA,ITABIRA,MG
CO JOAO MONLEVADE 01,35931017,AVENIDA ARMANDO FAJARDO 3000 LOJA 01,LOANDA,JOAO MONLEVADE,MG
LJ JUIZ DE FORA 01,36025001,RUA SAO MATEUS 840,SAO MATEUS,JUIZ DE FORA,MG
CO JUIZ DE FORA 01,36060270,RUA DOUTOR CLORINDO BURNIER 147 GALPAO 116,VITORINO BRAGA,JUIZ DE FORA,MG
CO BARBACENA 01,36201018,RUA THOMPSON FLORES 155,BOA MORTE,BARBACENA,MG
CO SAO JOAO DEL REI 01,36302016,Av. TRINTA E UM DE MARÇO 541,COLONIA DO MARCAL,SAO JOAO DEL REI,MG
CO CONSELHEIRO LAFAIETE 02,36400193,RUA RUTH DE SOUZA 195,MUSEU,CONSELHEIRO LAFAIETE,MG
CO OURO BRANCO 01,36492204,AVENIDA CONSIDER 182,SIDERURGIA,OURO BRANCO,MG
CO UBA 01,36500000,AV COMENDADOR JACINTO SOARES SOUZA LIMA 1677,CENTRO,UBA,MG
CO VISCONDE DO RIO BRANCO 01,36520000,AVENIDA SAO GERALDO 254,SAO JORGE,VISCONDE DO RIO BRANCO,MG
CO VICOSA 02,36570101,RUA GOMES BARBOSA 441,CENTRO,VICOSA,MG
CO SAO JOAO NEPOMUCENO 01,36680000,RUA DOS HENRIQUES 87A,CAXANGA,SAO JOAO NEPOMUCENO,MG
CO CATAGUASES 01,36774552,AV EUDALDO LESSA 661,POPULAR,CATAGUASES,MG
CO MANHUACU 01,36904000,AVENIDA PRESIDENTE TANCREDO NEVES 701,SANTANA,MANHUACU,MG
CO VARGINHA 01,37068000,RUA JOAQUIM DE OLIVEIRA TATIM 844,JARDIM RIBEIRO,VARGINHA,MG
CO ALFENAS 01,37135054,TRAVESSA PADRE CORNELIO HANS 170,APARECIDA,ALFENAS,MG
CO LAVRAS 01,37200000,Rua JOSE ABDON LASMAR 160,OURO VERDE,LAVRAS,MG
CO TRES CORACOES 01,37410083,AVENIDA DOUTOR MOACYR REZENDE 265 LJ 03,CENTRO,TRES CORACOES,MG
CO SAO LOURENCO 01,37470000,Av HERCILIA FERREIRA PESSOA 660,FEDERAL,SAO LOURENCO,MG
CO ITAJUBA 01,37502485,RUA BENEDITO PEREIRA DOS SANTOS 108,SANTA RITA DE CASSIA,ITAJUBA,MG
CO SANTA RITA DO SAPUCAI 02,37540000,RUA AMAZONAS 297,BOA VISTA,SANTA RITA DO SAPUCAI,MG
CO POUSO ALEGRE 02,37554203,RUA RUTH DE ANDRADE RIBEIRO 45,FATIMA I,POUSO ALEGRE,MG
LJ BORDA DA MATA 01,37564000,Rua JORDINO MARQUES DA COSTA 50,SANTA RITA,BORDA DA MATA,MG
CO OURO FINO 02,37570000,Av CIRO GONÇALVES 208 B,CENTRO,OURO FINO,MG
CO EXTREMA 02,37640000,RUA ANTONIO MORBIDELLI 53 - Lj. 2,CENTRO (MORBIDELLI),EXTREMA,MG
CO POCOS DE CALDAS 01,37701501,RUA VICTOR MARCHESI 82,VILA CRUZ,POCOS DE CALDAS,MG
CO GUAXUPE 01,37800000,Av DOUTOR JOAO CARLOS 237,CENTRO,GUAXUPE,MG
CO JURUAIA 01,37805000,RUA ALBERTO MARIO SEGRETI 130,CENTRO,JURUAIA,MG
CO PASSOS 02,37900052,RUA DOS MAIAS 300,CENTRO,PASSOS,MG
JE PIUMHI 01,37925000,RUA MODESTO CALDEIRA 632,,PIUMHI,MG
CO SAO SEBASTIAO DO PARAISO 02,37950000,AV MONSENHOR FELIPE 964,VILA DALVA,SAO SEBASTIAO DO PARAISO,MG
CO UBERABA 01,38040120,RUA ARLINDO DE MELO 753,RECREIO DOS BANDEIRANTES,UBERABA,MG
CO ARAXA 01,38183064,RUA MAESTRO FIRMO 75,VILA SAO PEDRO,ARAXA,MG
CO ITUIUTABA 02,38307064,AVENIDA DEZESSETE 2330,PLATINA,ITUIUTABA,MG
LJ UBERLANDIA 01,38400618,RUA TUPACIGUARA 479,NOSSA SENHORA APARECIDA,UBERLANDIA,MG
CO UBERLANDIA 02,38402051,RUA REPUBLICA DO PIRATINI 770,MARTA HELENA,UBERLANDIA,MG
CO ARAGUARI 01,38440016,RUA VIRGILIO DE MELO FRANCO 240,CENTRO,ARAGUARI,MG
CO PARACATU 01,38600000,RUA CAETANO SILVA NEIVA 131,NOSSA SENHORA APARECIDA,PARACATU,MG
CO PATOS DE MINAS 01,38706490,RUA ZICO SOARES 195,IPANEMA,PATOS DE MINAS,MG
CO PATROCINIO 01,38745010,RUA BOLIVIA 680,NACOES,PATROCINIO,MG
CO SAO GOTARDO 01,38800000,AV RUI BARBOSA 1002 B COMERCIO,SAO GOTARDO,SAO GOTARDO,MG
CO MONTES CLAROS 01,39402747,AVENIDA DEPUTADO PLINIO RIBEIRO 2229,MONTE CARMELO,MONTES CLAROS,MG
JE JANAUBA 01,39445045,RUA SAO JOAO DA PONTE 1104,SAO GONCALO,JANAUBA,MG
CO TEOFILO OTONI 01,39804006,Av. AGNALDO NEIVA 579,JARDIM DAS ACACIAS,TEOFILO OTONI,MG
CO SALVADOR 02,41315002,RUA DOS CURSILHISTAS G. 08,DOM AVELAR,SALVADOR,BA
LJ SALVADOR 01,41820021,AVENIDA TANCREDO NEVES 939,CAMINHO DAS ARVORES,SALVADOR,BA
CO SALVADOR 01,42722890,AVENIDA SANTO AMARO DE IPITANGA 3563 G 10,CAJI,LAURO DE FREITAS,BA
CO CAMACARI 01,42809201,RUA DOIS DE JULHO 442,DOIS DE JULHO,CAMACARI,BA
CO FEIRA DE SANTANA 01,44088083,AVENIDA PRESIDENTE DUTRA 1199,BRASILIA,FEIRA DE SANTANA,BA
CO CRUZ DAS ALMAS 01,44380000,RUA SEGUNDA 81 LT GARCIA,CAJA,CRUZ DAS ALMAS,BA
CO IRECE 01,44900000,RUA GILDASIO DA SILVA DOURADO 43,RECANTO DAS ARVORES,IRECE,BA
CO VITORIA DA CONQUISTA 01,45023270,RUA CHINA S/N GP 01,JUREMA,VITORIA DA CONQUISTA,BA
CO VALENCA 01,45400000,AVENIDA TANCREDO NEVES 150,GRAÇA,VALENCA,BA
CO ITABUNA 01,45604138,RUA SAO SEBASTIAO 677,NOSSA SENHORA DE FATIMA,ITABUNA,BA
CO ILHEUS 01,45654100,R BENJAMIN CONSTANT 335 A,PONTAL,ILHEUS,BA
CO EUNAPOLIS 01,45829110,RODOVIA BR101 67,URBIS I,EUNAPOLIS,BA
CO TEIXEIRA DE FREITAS 01,45995051,RUA MARECHAL COSTA E SILVA 95,CENTRO,TEIXEIRA DE FREITAS,BA
JE CACULE 01,46300000,PRAÇA JJ SEABRA 73,CENTRO,CACULE,BA
CO GUANAMBI 01,46430000,TRAVESSA DA CONCORDIA 63,CENTRO,GUANAMBI,BA
CO BARREIRAS 01,47800272,RUA MARECHAL DEODORO 744 A,VILA BRASIL,BARREIRAS,BA
CO PAULO AFONSO 01,48605205,RUA DOS ESTUDANTES 54 GALPAO ,ABEL BARBOSA,PAULO AFONSO,BA
CO ARACAJU 02,49040741,TRAVESSA METAL NORTE GALPAO 01,INACIO BARBOSA,ARACAJU,SE
CO OLINDA 01,52120300,RUA DA REGENERACAO 668 - SL. 8 - TERREO,AGUA FRIA,RECIFE,PE
CO RECIFE 01,54355010,RODOVIA BR101 SUL S/N LT ENG GLEBA II GP.D,MURIBECA,JABOATAO DOS GUARARAPES,PE
FL JAD RECIFE,54355100,RODOVIA EMPRESARIO JOAO SANTOS FILHO 2425 - G. A,MURIBECA,JABOATAO DOS GUARARAPES,PE
CO JABOATAO DOS GUARARAPES 02,54400260,RUA DONA MARIA DE SOUZA 681C,PIEDADE,JABOATAO DOS GUARARAPES,PE
CO CARUARU 01,55026010,RUA JOSE FRANCISCO DE ALMEIDA 78,INDIANOPOLIS,CARUARU,PE
CO GARANHUNS 01,55292720,RUA HUMBERTO M GRANJA 128,BOA VISTA,GARANHUNS,PE
CO PETROLINA 02,56332385,AVENIDA BARAO DE CONTENDAS 51,JATOBA,PETROLINA,PE
CO MACEIO 01,57083410,AVENIDA MENINO MARCELO 6131,ANTARES,MACEIO,AL
CO ARAPIRACA 01,57312465,RUA SAO JOSE 297,ALTO DO CRUZEIRO,ARAPIRACA,AL
CO JOAO PESSOA 02,58035200,RUA PRESIDENTE NILO PECANHA 1001,BESSA,JOAO PESSOA,PB
CO CAMPINA GRANDE 02,58410097,RUA GUILHERMINO BARBOSA 52 GP B26,ESTACAO VELHA,CAMPINA GRANDE,PB
CO PATOS 01,58701000,RUA IRINEU JOFFILY 92,SANTO ANTONIO,PATOS,PB
CO CAJAZEIRAS 01,58900000,RUA DR. ERNESTO DINIZ 120 A,JARDIM OASIS,CAJAZEIRAS,PB
CO NATAL 01,59075010,RUA TABELIAO MANOEL PROCOPIO 10,LAGOA NOVA,NATAL,RN
CO MOSSORO 02,59649899,AREA LG FORNO VELHO 527,FORNO VELHO,MOSSORO,RN
LJ FORTALEZA 02,60150162,AVENIDA SANTOS DUMONT 2484 LJ 06,ALDEOTA,FORTALEZA,CE
LJ FORTALEZA 01,60840282,RUA PADRE PEDRO DE ALENCAR 626 LJ F,MESSEJANA,FORTALEZA,CE
CO SOBRAL 01,62030245,RUA ARIMATEIA MONTE E SILVA 178,CAMPO DOS VELHOS,SOBRAL,CE
CO JUAZEIRO DO NORTE 01,63022115,"AVENIDA PADRE CICERO 2200, GALPAO 2",CAJUINA SAO GERALDO,JUAZEIRO DO NORTE,CE
CO TERESINA 01,64045840,AVENIDA DEPUTADO PAULO FERRAZ 2489,ITARARE,TERESINA,PI
CO SAO LUIS 01,65055275,RUA JOAQUIM SANTOS (TV. SAO LUIS) 22,JARDIM SAO CRISTOVAO,SAO LUIS,MA
CO SAO LUIS 02,65110000,RUA RIO MUNIM 15,KIOLA COSTA,SAO JOSE DE RIBAMAR,MA
CO CAXIAS 01,65600210,RUA VEREADOR GENTIL DE OLIVEIRA 2571 A ,REFINARIA,CAXIAS,MA
CO IMPERATRIZ 02,65917310,AVENIDA IMPERATRIZ 02,PARQUE PLANALTO 1,IMPERATRIZ,MA
CO ANANINDEUA 01,66617130,TRAVESSA ALTAMIRA 3271,VALDECAES,BELEM,PA
CO BELEM 02,66623610,PASSAGEM DALVA 229,MARAMBAIA,BELEM,PA
FL JAD BELEM,66623610,PASSAGEM DALVA 229,MARAMBAIA,BELEM,PA
CO SANTAREM 01,68040410,TRAVESSA PROFESSORA AGRIPINA DE MATOS 1579,CARANAZAL,SANTAREM,PA
CO ALTAMIRA 01,68372855,RUA SETE DE SETEMBRO 2828 B,ESPLANADA DO XINGU,ALTAMIRA,PA
CO MARABA 02,68503250,RUA JAIME PINTO 1215 ,NOVO HORIZONTE,MARABA,PA
CO PARAUAPEBAS 02,68515000,"AVENIDA TUPINAMBA QD 40, LT 03",PARQUE DOS CARAJAS,PARAUAPEBAS,PA
CO PARAGOMINAS 01,68626362,RUA HERMES DA FONSECA 454,ANGELIM,PARAGOMINAS,PA
CO CASTANHAL 02,68745560,ALAMEDA ANITA GARIBALDI 227 ,SANTA LIDIA,CASTANHAL,PA
CO MACAPA 01,68902892,RUA PROFESSOR TOSTES 2740,BURITIZAL,MACAPA,AP
JE VITORIA DO JARI 01,68924000,"AV. PEDRO LADISLAU 3251, A",,VITORIA DO JARI,AP
JE AMAPA 01,68950000,TRAVESSA JOAO FRANKLIN TAVORA 233,,AMAPA,AP
CO MANAUS 02,69030520,RUA VOLUNTARIOS DA PATRIA 450,VILA DA PRATA,MANAUS,AM
LJ MANAUS,69048010,AVENIDA TORQUATO TAPAJOS 5580,DA PAZ,MANAUS,AM
FL JAD MANAUS,69060660,RUA SEVERIANO NUNES 78,ALEIXO,MANAUS,AM
CO BOA VISTA 01,69309198,AVENIDA MARIO HOMEM DE MELO 4126,BURITIS,BOA VISTA,RR
CO RIO BRANCO 02,69908740,RODOVIA AC-40 Nº 473,LOTEAMENTO SANTA HELENA,RIO BRANCO,AC
CO BRASILIA 01,70360510,QUADRA CRS 509 BLOCO A LOJA 43,ASA SUL,BRASILIA,DF
CO TAGUATINGA 01,71090695, CSB 9 LOTE 3 - LOJA 04,TAGUATINGA,BRASILIA,DF
CO BRASILIA 02,71200220,TRECHO SIA TRECHO 17 RUA 08 LOTE 110/130/150,ZONA INDUSTRIAL GUARA,BRASILIA,DF
FL BRASILIA,72035512,QUADRA CSG 12 LT3 C.T. BUSINESS P.,TAGUATINGA SUL TAGUATINGA,BRASILIA,DF
CO SAMAMBAIA 01,72311821,QUADRA QS 505 CONJUNTO 1 LOTE 01,SAMAMBAIA SUL (SAMAMBAIA),BRASILIA,DF
CO FORMOSA 02,73801200,RUA ANTONIO DUTRA 25-B,CENTRO,FORMOSA,GO
LJ GOIANIA 05,74275150,RUA C155 QD345 N580 LT1 ,JARDIM AMERICA,GOIANIA,GO
LJ GOIANIA 02,74560550,RUA ARMOGASTE JOSE DA SILVEIRA 2500 QD GLEBA LT GL1,SETOR CENTRO OESTE,GOIANIA,GO
LJ GOIANIA 03,74563220,AVENIDA GOIAS QD 24 LT 6/23 SL 45 4066 ,SETOR CRIMEIA OESTE,GOIANIA,GO
CO GOIANIA,74670550,"RUA SABIA 392, Q168 LOTE14 GP3",SANTA GENOVEVA,GOIANIA,GO
CO GOIANIA 04,74670550,"RUA SABIA 392, Q168 LOTE14 GP3",SANTA GENOVEVA,GOIANIA,GO
LJ GOIANIA 04,74672010,AVENIDA SAO FRANCISCO LT 189 QD 29,SANTA GENOVEVA,GOIANIA,GO
LJ GOIANIA 01,74672010,AV. SAO FRANCISCO 337 - Qd. 35 - Lj 03,SANTA GENOVEVA,GOIANIA,GO
CO GOIANIA 03,74911350,RUA ACARAI QD 46 LT 01 CS2,VILA BRASILIA,APARECIDA DE GOIANIA,GO
CO APARECIDA DE GOIANIA 01,74911775,RUA 42 QD 69 LT 07,VILA SANTO ANTONIO,APARECIDA DE GOIANIA,GO
CO ANAPOLIS 01,75123645,AVENIDA BRASIL 1827 QD 08 LT 01,VILA MIGUEL JORGE,ANAPOLIS,GO
CO ITUMBIARA 01,75530275,AVENIDA SANTOS DUMONT 400 - SL 3 E 4,SANTOS DUMONT,ITUMBIARA,GO
CO CATALAO 01,75703140,AVENIDA SAO JOAO 130,SAO JOAO,CATALAO,GO
CO JATAI 01,75800058,RUA RUI BARBOSA 801,SETOR CENTRAL,JATAI,GO
CO RIO VERDE 02,75901190,RUA CORONEL VAIANO 739,SETOR CENTRAL,RIO VERDE,GO
CO PORTO VELHO 01,76803890,RUA RAFAEL VAZ E SILVA 2645 SALA B,LIBERDADE,PORTO VELHO,RO
CO JI-PARANA 01,76914899,RODOVIA ANEL VIARIO S/N QUARTO DISTRITO,AREA RURAL DE JIPARANA,JIPARANA,RO
CO CACOAL 02,76962000,AVENIDA CASTELO BRANCO 20830,NOVO HORIZONTE,CACOAL,RO
CO PIMENTA BUENO 02,76970000,RUA 21 DE ABRIL 465,APIDIA ,PIMENTA BUENO,RO
CO VILHENA 02,76980001,AVENIDA MARECHAL RONDON 4790,CENTRO ,VILHENA,RO
CO PALMAS 01,77023482,QUADRA 912 ALAMEDA 7 PLANO DIRETOR SUL QI D LOTE 09 ,PLANO DIRETOR SUL,PALMAS,TO
CO GURUPI 02,77405040,"RUA DELFINO AGUIAR 811, QD 140, LT ",SETOR CENTRAL,GURUPI,TO
CO ARAGUAINA 02,77803130,RUA TREZE DE MAIO 1737,VILA ROSARIO,ARAGUAINA,TO
CO CUIABA 03,78025340,AVENIDA OITO DE ABRIL 500 B,PORTO,CUIABA,MT
FL JAD CUIABA,78125775,RUA LIMOEIRO 27 COMPLEXO B ,CENTROSUL,VARZEA GRANDE,MT
CO SINOP 01,78557097,AVENIDA DAS FIGUEIRAS 100,SETOR INDUSTRIAL,SINOP,MT
CO RONDONOPOLIS 01,78705066,RUA JOAO PESSOA 10,VILA JOSE LUIZ,RONDONOPOLIS,MT
CO CAMPO GRANDE 02,79008480,AVENIDA RIACHUELO 63,CABREUVA,CAMPO GRANDE,MS
FL CAMPO GRANDE,79013580,RUA DONA TERESA CRISTINA 431 ,CORONEL ANTONINO,CAMPO GRANDE,MS
CO CAMPO GRANDE 01,79062300,RUA CAVIANA 1629,JARDIM ITAMARACA,CAMPO GRANDE,MS
JE CORUMBA 01,79300040,RUA TREZE DE JUNHO 1044,CENTRO,CORUMBA,MS
CO TRES LAGOAS 01,79603112,AVENIDA ADV ROSARIO GRONGO 2923,JARDIM PRIMAVERIL,TRES LAGOAS,MS
CO DOURADOS 01,79840230,RUA CORONEL PONCIANO DE MATTOS PEREIRA 2420,VILA INDUSTRIAL,DOURADOS,MS
CO CURITIBA 02,80215270,AVENIDA SENADOR SALGADO FILHO 530,PRADO VELHO,CURITIBA,PR
CO CURITIBA 01,81580450,RUA AMERICO FIRMINO DE TOLEDO 840 BARRACAO 8,UBERABA,CURITIBA,PR
LJ CURITIBA 01,81810150,RUA OMAR RAYMUNDO PICHETH 452,XAXIM,CURITIBA,PR
CO SAO JOSE DOS PINHAIS 01,83030640,AVENIDA DAS AMERICAS 791,TRES MARIAS,SAO JOSE DOS PINHAIS,PR
CO PARANAGUA 02,83203765,RUA MANOEL PEREIRA 905,ALTO SAO SEBASTIAO,PARANAGUA,PR
CO PINHAIS ,83413340,RUA GENEBRA 181,ATUBA,COLOMBO,PR
CO CAMPO LARGO 01,83607240,AV PE NATAL PIGATTO 460,VILA BANCARIA,CAMPO LARGO,PR
CO PONTA GROSSA 02,84043000,AVENIDA VISCONDE DE MAUA 4616,COLONIA DONA LUIZA,PONTA GROSSA,PR
CO UNIAO DA VITORIA 01,84600130,RUA CARLOS CAVALCANTI 273,CENTRO,UNIAO DA VITORIA,PR
CO GUARAPUAVA 01,85010300,RUA QUINTINO BOCAIUVA 1829,CENTRO,GUARAPUAVA,PR
CO PATO BRANCO 01,85501356,RUA CARAMURU 1375,CENTRO,PATO BRANCO,PR
CO FRANCISCO BELTRAO 01,85601020,RUA VEREADOR ROMEU LAURO WERLANG 119,CENTRO,FRANCISCO BELTRAO,PR
CO CASCAVEL 01,85812141,RUA OLAVO BILAC 1545,CENTRO,CASCAVEL,PR
CO FOZ DO IGUACU 02,85853230,AVENIDA IGUACU 257,VILA YOLANDA,FOZ DO IGUACU,PR
CO TOLEDO 01,85905565,RUA SATURNO 692,JARDIM GISELA,TOLEDO,PR
CO LONDRINA 01,86027080,RUA ARAGUARI 196,IDEAL,LONDRINA,PR
CO CAMBE 01,86181000,AVENIDA INGLATERRA 311,CENTRO,CAMBE,PR
CO SANTO ANTONIO DA PLATINA 01,86430000,RODOVIA BR 153 1597 KM 42.8,,SANTO ANTONIO DA PLATINA,PR
CO ARAPONGAS 02,86701472,RUA CONDOR 565,VILA CASCATA,ARAPONGAS,PR
CO APUCARANA 02,86802390,RUA PROFESSORA TALITA BRESOLIN 461,JARDIM SAO PEDRO,APUCARANA,PR
CO MARINGA 02,87047190,AVENIDA JINROKU KUBOTA 4350,JARDIM DA GLORIA,MARINGA,PR
CO CAMPO MOURAO 01,87303307,AVENIDA COMENDADOR NORBERTO MARCONDES 2853,JARDIM SAO SEBASTIAO,CAMPO MOURAO,PR
CO UMUARAMA 01,87502140,AVENIDA PIRAPO 5280,ZONA I-A,UMUARAMA,PR
CO PARANAVAI 01,87701020,AV RIO GRANDE DO NORTE 1365,CENTRO,PARANAVAI,PR
LJ FLORIANOPOLIS 01,88062020,RUA JOSE HENRIQUE VERAS 411 - LJ 02,LAGOA DA CONCEICAO,FLORIANOPOLIS,SC
CO PALHOCA 02,88133568,RUA LUIZ TADEU GANDOLFI DUTRA 112,JARDIM ELDORADO,PALHOCA,SC
CO FLORIANOPOLIS ,88160001,RUA FRANK TRAEBERT 4280,CENTRO,BIGUACU,SC
CO FLORIANOPOLIS 01,88160001,RUA FRANK TRAEBERT 4280,PRADO DE BAIXO,BIGUACU,SC
CO ITAJAI 02,88310696,AVENIDA MARIO URIARTE 1290,CORDEIROS,ITAJAI,SC
CO NAVEGANTES 01,88310696,AVENIDA MARIO URIARTE 1290 GP 01,CORDEIROS,ITAJAI,SC
CO BRUSQUE 02,88352130,RUA EMILIA LANZNASTER 53,SANTA RITA,BRUSQUE,SC
CO LAGES 01,88523140,RUA HUMBERTO DE CAMPOS 1236,CORAL,LAGES,SC
CO TUBARAO 01,88704330,RUA PIO XII SN,DEHON,TUBARAO,SC
CO CRICIUMA 01,88815370,RUA IRENE DAL PONT MILIOLI 85,JARDIM MARISTELA,CRICIUMA,SC
CO ARARANGUA 01,88904110,"ALAMEDA ASCENDINO MORAES DE SA, 1955 578",MATO ALTO,ARARANGUA,SC
CO BLUMENAU 01,89050100,RUA REPUBLICA ARGENTINA 222,PONTA AGUDA,BLUMENAU,SC
CO INDAIAL 01,89082118,RUA ALEMANHA 100,NACOES,INDAIAL,SC
CO GASPAR 02,89115001,RUA ITAJAI 557 SALA 01,SETE DE SETEMBRO,GASPAR,SC
LJ JOINVILLE 03,89204360,RUA BENJAMIN CONSTANT 2791 SALA 04,AMERICA,JOINVILLE,SC
LJ JOINVILLE 02,89233190,RODOVIA BR101 KM 47,SANTA CATARINA,JOINVILLE,SC
CO JOINVILLE 01,89233190,RODOVIA BR101 1550- KM 44,SANTA CATARINA,JOINVILLE,SC
LJ JOINVILLE 01,89233190,"RODOVIA BR101 KM 47, 5 S/N ",SANTA CATARINA,JOINVILLE,SC
CO SAO FRANCISCO DO SUL 01,89240000,RUA MARCOS GORRESEN 1009,ROCIO PEQUENO,SAO FRANCISCO DO SUL,SC
CO JARAGUA DO SUL 01,89256310,RUA PROFESSOR IRMAO GERALDINO 120,VILA LALAU,JARAGUA DO SUL,SC
CO SAO BENTO DO SUL 02,89287375,RUA JOSE GROSSL 87 ,RIO NEGRO,SAO BENTO DO SUL,SC
CO MAFRA 01,89300070,AVENIDA PREFEITO FREDERICO HEYSE 1250 SL 3,CENTRO II ALTO DE MAFRA,MAFRA,SC
CO CANOINHAS 01,89460000,"RUA PAUL HARRIS 407, SALA A",CENTRO,CANOINHAS,SC
CO CACADOR 01,89506412,RUA ABSALAO CARNEIRO 280,SANTA CATARINA,CACADOR,SC
CO CURITIBANOS 01,89520000,AVENIDA CORONEL VIDAL RAMOS 1615 ,CENTRO,CURITIBANOS,SC
CO VIDEIRA 01,89562704,RUA LUIZ BOM 206,MORADA DO SOL,VIDEIRA,SC
CO JOACABA 01,89610000,RUA FLORIANOPOLIS 71,CENTRO,HERVAL DOESTE,SC
CO CONCORDIA 01,89700001,RUA MARECHAL DEODORO 657 SALA 02,CENTRO,CONCORDIA,SC
CO CHAPECO 02,89803181,RUA ARTHUR DA COSTA E SILVA E 874 SALA 01 E 02,SAO CRISTOVAO,CHAPECO,SC
CO XANXERE 01,89820000,R GENERAL OSORIO 245 SL 02,CENTRO,XANXERE,SC
CO PORTO ALEGRE 03,90200060,RUA ANGELO DOURADO 197,ANCHIETA,PORTO ALEGRE,RS
CO PORTO ALEGRE 02,91020030,RUA MARQUES DE ALEGRETE 54,SAO JOAO,PORTO ALEGRE,RS
CO PORTO ALEGRE 01,91030240,RUA SAO SALVADOR 212,SANTA MARIA GORETTI,PORTO ALEGRE,RS
CO PORTO ALEGRE 04,91710000,AVENIDA PROFESSOR OSCAR PEREIRA 3514,GLORIA,PORTO ALEGRE,RS
CO CANOAS 02,92323270,AVENIDA DAS CANOAS 215,MATO GRANDE,CANOAS,RS
FL PORTO ALEGRE,92420180,RUA CANADA 475,SAO JOSE,CANOAS,RS
CO GUAIBA 01,92700245,RUA DAVINO TEIXEIRA 40,COLINA,GUAIBA,RS
CO SAO LEOPOLDO 01,93042082,AVENIDA IMPERATRIZ LEOPOLDINA 2955,PINHEIRO,SAO LEOPOLDO,RS
CO ESTEIO 01,93280013,RUA PADRE FELIPE 1331,LIBERDADE,ESTEIO,RS
CO NOVO HAMBURGO 02,93510060," AVENIDA NICOLAU BECKER, 947 - loja 02",CENTRO,NOVO HAMBURGO,RS
CO ESTANCIA VELHA 02,93615020,RUA ANTONIO JOAO 69,LIRA,ESTANCIA VELHA,RS
CO ALVORADA 01,94814334,RUA JOSE DE ALENCAR 55,MARINGA,ALVORADA,RS
LJ CAXIAS DO SUL 01,95020450,RUA VINTE DE SETEMBRO 1220,CENTRO,CAXIAS DO SUL,RS
LJ CAXIAS DO SUL 03,95034370,"RUA JACINTO MADALOSSO 752, SALA 01",PIO X,CAXIAS DO SUL,RS
CO CAXIAS DO SUL 01,95045185,RUA MARINA TURRA SUSIN 64,CENTENARIO,CAXIAS DO SUL,RS
CO FARROUPILHA 01,95170320,RUA GUILHERME TARTAROTTI 315 SL 1,PLANALTO,FARROUPILHA,RS
CO OSORIO 01,95520000,RUA COSTA GAMA 1426,CENTRO,OSORIO,RS
CO IGREJINHA 01,95650000,RUA BERTHALINA KIRSCH 47,VIADUTO,IGREJINHA,RS
CO BENTO GONCALVES 01,95700330,RUA DANTE LARENTIS 245 sala 1,CIDADE ALTA,BENTO GONCALVES,RS
CO LAJEADO 01,95913110,RUA FELIPE CRAIDE 265,SAO CRISTOVAO,LAJEADO,RS
CO PELOTAS 02,96070370,RUA LEOPOLDO BROD 2801,TRES VENDAS,PELOTAS,RS
CO CAMAQUA 01,96180000,RUA BELARMINA CHIPENE 455,OLARIA,CAMAQUA,RS
CO RIO GRANDE 01,96200380,RUA MARECHAL FLORIANO PEIXOTO 36 ,CENTRO,RIO GRANDE,RS
CO BAGE,96420160,RUA ANGELICA JARDIM 351,CASTRO ALVES,BAGE,RS
CO BAGE 02,96420160,RUA ANGELICA JARDIM 220,CASTRO ALVES,BAGE,RS
CO DOM PEDRITO 01,96450000,AVENIDA RIO BRANCO 1076,CENTRO,DOM PEDRITO,RS
CO CACHOEIRA DO SUL 02,96501066,RUA RICARDO DE JESUS FERREIRA 530,DREWS,CACHOEIRA DO SUL,RS
CO SANTA CRUZ DO SUL 02,96845080,RUA JOSE DO PATROCINIO 42,SENAI,SANTA CRUZ DO SUL,RS
CO SANTA MARIA 01,97060210,R DE DQ CAXIAS 2358,MEDIANEIRA,SANTA MARIA,RS
CO URUGUAIANA 02,97502830,RUA CORONEL RODRIGUES PORTUGAL 2601,SAO MIGUEL,URUGUAIANA,RS
CO SAO BORJA 02,97670000,AV JULIO TROIS 1802,VARZEA,SAO BORJA,RS
CO IJUI 01,98700000,RUA RUA VINTE DE SETEMBRO 63,CENTRO,IJUI,RS
CO SANTA ROSA 02,98780803,RUA DOUTOR FRANCISCO TIMM 890,CENTRO,SANTA ROSA,RS
CO SANTO ANGELO 02,98804370,RUA SAO CARLOS 1117,SAO CARLOS,SANTO ANGELO,RS
CO PASSO FUNDO 01,99010035,RUA MOROM 3042,BOQUEIRAO,PASSO FUNDO,RS
